hour,mean_appliances,median_appliances,mean_lights,mean_outdoor_temperature
0,316.7153284671533,310.0,19.124087591240876,6.072972424979724
1,307.95620437956205,310.0,7.810218978102189,5.792173560421736
2,294.45255474452557,300.0,2.5547445255474455,5.556792376317924
3,289.4160583941606,290.0,1.8248175182481752,5.299310624493106
4,296.13138686131384,300.0,1.2408759124087592,5.047475669099756
5,316.42335766423355,300.0,3.8686131386861313,4.889750608272506
6,346.2773722627737,310.0,6.4963503649635035,4.836765728189087
7,471.8978102189781,340.0,20.802919708029197,5.03469325686479
8,636.8613138686131,440.0,25.766423357664234,5.649926138338547
9,676.7153284671533,470.0,27.226277372262775,6.587756343413278
10,752.2627737226277,470.0,28.248175182481752,7.628901633646159
11,798.7591240875912,490.0,21.45985401459854,8.57144595064303
12,741.8248175182482,530.0,19.27007299270073,9.296928223844281
13,748.4671532846716,490.0,17.00729927007299,9.845133819951338
14,649.7080291970802,480.0,17.226277372262775,10.228315085158151
15,634.9635036496351,460.0,14.817518248175183,10.400364963503648
16,719.4160583941606,520.0,16.642335766423358,10.290166261151663
17,968.1159420289855,715.0,27.536231884057973,9.97212157809984
18,1140.4379562043796,980.0,44.37956204379562,9.409570154095702
19,858.3941605839416,740.0,44.160583941605836,8.77706812652068
20,761.8978102189781,650.0,57.22627737226277,8.058029197080293
21,578.978102189781,520.0,46.86131386861314,7.35139902676399
22,414.8905109489051,370.0,42.99270072992701,6.827615571776156
23,341.8978102189781,330.0,32.846715328467155,6.418592862935928
