rank,feature,importance
1,Appliances,0.38073432871411267
2,hour_cos,0.17135025865986767
3,consumption_lag_1,0.13639411491164352
4,hour_sin,0.05264022283712619
5,consumption_lag_24,0.020251866483141968
6,dow_cos,0.015342434222796948
7,dow_sin,0.015310621711526803
8,consumption_mean_7d,0.014192869143364352
9,lights,0.010605995118965502
10,RH_6,0.008886864236915057
11,month_sin,0.008832158810191445
12,T3,0.008397040285705483
13,is_weekend,0.008325366649061887
14,T2,0.00758041908385487
15,consumption_mean_24h,0.007547071075322762
16,T9,0.007445002633577992
17,T8,0.007438371122380311
18,T_out,0.007304158368365428
19,Visibility,0.007058567429857341
20,T4,0.007032259752003368
21,T1,0.006973609468431885
22,Windspeed,0.0068286041196146076
23,RH_out,0.006628535151484711
24,T7,0.006589126042476803
25,month_cos,0.0063886726260837965
26,T6,0.006271587282404403
27,Tdewpoint,0.006104619096360623
28,RH_9,0.006029973106310845
29,T5,0.005895794930295746
30,RH_3,0.005668177141053255
31,Press_mm_hg,0.005369775287536805
32,RH_8,0.005294133094936703
33,RH_4,0.0050178065493661
34,RH_1,0.0047636444858976485
35,RH_2,0.004637384051659044
36,RH_7,0.00441605493174763
37,RH_5,0.00441201163364113
38,heating_indicator,4.049975091667634e-05
39,cooling_indicator,0.0
